x,y,theta
-3.195885888014097787e-01,1.181441479289115248e+00,-2.594112543156044115e+00
-3.133825978287131386e-01,1.146941555676050495e+00,-2.743170544800608734e+00
-3.194728430558187449e-01,1.179837072868014758e+00,-2.956013386567509116e+00
-3.195459155192960088e-01,1.179063396850808187e+00,3.139882952810510552e+00
-3.217907596620570021e-01,1.170902104283193745e+00,2.964094356067451308e+00
-3.291924533340535031e-01,1.157475924189467431e+00,2.783218394708969257e+00
-3.337607721881328260e-01,1.148267231171502534e+00,2.602647926131733680e+00
-3.346253117452632209e-01,1.144432298611254062e+00,2.411191042461362066e+00
-3.357746999968234669e-01,1.140868236067185348e+00,2.220219592311118983e+00
-3.364985099373770105e-01,1.139015970575188996e+00,2.039560848117852654e+00
-3.370949919412378759e-01,1.136900241121453936e+00,1.862098838747119789e+00
-3.385987755017489942e-01,1.136311538480961447e+00,1.676668100628385005e+00
-3.389931276140126792e-01,1.135452260588350359e+00,1.487220594250461492e+00
-3.399879229682436499e-01,1.134879712384951889e+00,1.300638002382828784e+00
-3.408401529104287953e-01,1.134677649582320980e+00,1.117278825466994308e+00
-3.419853376841164305e-01,1.134686933975125100e+00,9.406496115466183028e-01
-3.425280911754107760e-01,1.134141485410222971e+00,7.602646469627726278e-01
-3.435065966599054610e-01,1.133412925161378482e+00,5.825153937719215191e-01
-3.449633686880788086e-01,1.144768856389176248e+00,4.175766895559552272e-01
-3.454345451676229528e-01,1.145466016373553053e+00,2.341981178973475408e-01
-3.461468657441487129e-01,1.147688462175914470e+00,4.638308686831003197e-02
-3.472702687553765877e-01,1.148919663432397709e+00,-1.402999454614058950e-01
-3.476000370426318153e-01,1.151355902461785652e+00,-3.270710700816437111e-01
-3.472938074054643942e-01,1.166341579415940855e+00,-4.980389820453902661e-01
-3.476162742910504089e-01,1.170439473881456749e+00,-6.763818304141292481e-01
-3.459776544119539943e-01,1.174639507031744357e+00,-8.621298986114444007e-01
-3.445597669894072679e-01,1.178680308445529956e+00,-1.046221857702236857e+00
-3.415094760254154260e-01,1.182392934178294386e+00,-1.228743592611934332e+00
-3.396180991041086727e-01,1.185999447291328890e+00,-1.402167685084120929e+00
-3.376447343769527487e-01,1.190229879511329303e+00,-1.585803626812532841e+00
-3.347294784767990139e-01,1.193013175109492341e+00,-1.765706819572745445e+00
-3.326016734764321026e-01,1.196541032176730912e+00,-1.939357455556584897e+00
-3.305637376191818411e-01,1.199974901082108358e+00,-2.113008584377470633e+00
-3.281460430803629369e-01,1.203615422873360430e+00,-2.299342552152751296e+00
-3.213241053963910021e-01,1.191785003534133969e+00,-2.464910302712195023e+00
-3.190759141499591722e-01,1.192794705814940182e+00,-2.639146077401234969e+00
-3.165219198942129109e-01,1.192231392889191444e+00,-2.822054302804395398e+00
-3.134736679070859178e-01,1.192429610260739237e+00,-3.001130742726490386e+00
-3.109368767691775282e-01,1.194660045211543009e+00,3.106186049225594825e+00
-2.999704917684680172e-01,1.182289354324561836e+00,2.938331815776106914e+00
-3.122653396934509940e-01,1.167213246441440644e+00,2.784530857151882088e+00
-3.103395397639649445e-01,1.168612730448307602e+00,2.609827240198558052e+00
-3.091643675209058140e-01,1.169450548510675647e+00,2.430178242892732321e+00
-3.102279044221798454e-01,1.166690020842478637e+00,2.238197218604987437e+00
-3.124885399916894069e-01,1.164126046192377473e+00,2.049934266584300335e+00
-3.215042904250474121e-01,1.155086105959693521e+00,1.881460796855044304e+00
-3.219847638353957597e-01,1.153379250791566335e+00,1.690222999432507534e+00
-3.238257276503434534e-01,1.152426030131934009e+00,1.499692262630442308e+00
-3.250387181654130764e-01,1.150991253027473737e+00,1.310467727176691133e+00
-3.265863908633235835e-01,1.149893112421609631e+00,1.117403287555420954e+00
-3.179613774221830558e-01,1.152346456055133750e+00,9.025138975488553594e-01
-2.640223129100465194e-01,1.232495041529809487e+00,8.699819213333099821e-01
-2.089166919823946533e-01,1.313651540592269740e+00,8.859778106335272074e-01
-1.741499923357616164e-01,1.352625818093794674e+00,1.025381920364350830e+00
-1.667611879232381300e-01,1.372972947472704375e+00,1.206508851267696469e+00
-1.590075622399132749e-01,1.394132386216413222e+00,1.376311288250652076e+00
-1.463221218384727351e-01,1.493255547508410608e+00,1.382411409019952409e+00
-1.307974301724284250e-01,1.592759621778676138e+00,1.377562502746372486e+00
-1.148483580509241098e-01,1.691681536260605467e+00,1.427384402223097037e+00
-1.134324846687325694e-01,1.712547939253709961e+00,1.600740683588293800e+00
-1.156169228187218512e-01,1.733576663242111682e+00,1.773098714985167135e+00
-9.857700899613211498e-02,1.775110271561760822e+00,1.956997914050700782e+00
-1.265330869072296416e-01,1.888465125354877872e+00,2.005523699664647719e+00
-1.615410495536455937e-01,1.987936808895625074e+00,2.011204829583250753e+00
-1.993312242705248816e-01,2.081106799774117277e+00,2.014522017392977205e+00
-2.396421749825292380e-01,2.168563766308466700e+00,2.013787502243111760e+00
-2.760308743935543929e-01,2.250866604401422055e+00,2.103108087758623679e+00
-3.303642583706536962e-01,2.330460742509049776e+00,2.143375242756082155e+00
-3.834941759759300517e-01,2.401841462172560782e+00,2.142628815423684774e+00
-4.393505221026316465e-01,2.483896178154167522e+00,2.140722306977467682e+00
-4.955207675696864378e-01,2.566678544886028757e+00,2.141326840914163032e+00
-5.520380029971178049e-01,2.649944626784218382e+00,2.139098452679780493e+00
-6.089358194089232734e-01,2.733550543612889516e+00,2.135638904407256344e+00
-6.653717465501672867e-01,2.819093323764793269e+00,2.128737312599706222e+00
-7.137011776906118099e-01,2.897988939170670797e+00,2.131795491142962629e+00
-7.617056372081396631e-01,2.978293177958230675e+00,2.133784617544154827e+00
-8.105748609646339364e-01,3.059109683723503004e+00,2.136078674475470063e+00
-8.591632227038734637e-01,3.141877528513546292e+00,2.138755085945971413e+00
-9.082256885493921184e-01,3.223945339470509097e+00,2.141323964920492706e+00
-9.581966455475799949e-01,3.306052024060470718e+00,2.145071872018587733e+00
-1.008368904067274752e+00,3.387563562878807222e+00,2.151266964187021458e+00
-1.001492591752341843e+00,3.423318098399707576e+00,2.305273724920001932e+00
-1.013380470168365077e+00,3.414290093863252995e+00,2.511741472336126879e+00
-9.959154767244535744e-01,3.423162114975123682e+00,2.673467757194869510e+00
-1.004871866176506812e+00,3.425720952457253610e+00,2.857013054306588362e+00
-1.012726543078573016e+00,3.426524483298009738e+00,3.040661845110869788e+00
-1.019159968632837199e+00,3.425928932257154003e+00,-3.065789094842041873e+00
-1.027148046455252706e+00,3.423998815950219488e+00,-2.891217749072936272e+00
-1.034601507502703743e+00,3.430239560920553821e+00,-2.704422698360146260e+00
-1.018167984354338973e+00,3.462549593917252810e+00,-2.525279184665806032e+00
-1.026071184599368413e+00,3.454748583164908737e+00,-2.337947079686559793e+00
-1.031515356674998607e+00,3.450677867141892285e+00,-2.164425315563346608e+00
-1.016415448978913227e+00,3.441122455040653172e+00,-2.049761827855337337e+00
-1.019908972162826943e+00,3.443054414861926205e+00,-2.153777206487349272e+00
-1.025325189560284400e+00,3.455639736509717341e+00,-2.341935936219992076e+00
-1.021657865778516028e+00,3.466049515772707146e+00,-2.516628290546056412e+00
-1.047342293312266248e+00,3.431421676217575545e+00,-2.685042341244832098e+00
-1.086821068163920101e+00,3.376272771034944942e+00,-2.748628486536595528e+00
-1.191735604338022059e+00,3.338243334349254798e+00,-2.849836690935531269e+00
-1.281307072864734220e+00,3.326594688771908448e+00,-2.847007845068723064e+00
-1.389386037457013279e+00,3.294585162899018371e+00,-2.847823698752457666e+00
-1.493353994065938828e+00,3.263612677674848417e+00,-2.845766785894901840e+00
-1.593194339322948405e+00,3.232617588795842156e+00,-2.701932920911292335e+00
-1.690702310318128010e+00,3.181355612424786372e+00,-2.697735236366300526e+00
-1.788617267393361354e+00,3.136853544768065660e+00,-2.633719785518999323e+00
-1.877703510316711011e+00,3.090680630106294569e+00,-2.616986164411547300e+00
-1.978941777601855634e+00,3.033297243487689254e+00,-2.618745236881002469e+00
-2.078051750912885520e+00,2.977856820377160041e+00,-2.620892007397486623e+00
-2.175357333241007218e+00,2.924031634397970869e+00,-2.621177307508127718e+00
-2.272675018266411939e+00,2.871169036384841888e+00,-2.621004043189758104e+00
-2.367496094315291177e+00,2.820540486365238575e+00,-2.622734350531844338e+00
-2.458473681323173565e+00,2.770189898321332667e+00,-2.619982294927648780e+00
-2.477388271824633836e+00,2.778495539377303203e+00,-2.464168824287165549e+00
-2.470688172358894708e+00,2.771063313531507255e+00,-2.261551523928321039e+00
-2.467942459586793813e+00,2.771197711053974722e+00,-2.078989586416799096e+00
-2.494042176419898560e+00,2.740918574349088921e+00,-1.913933758087042136e+00
-2.500061549733652022e+00,2.745063639471055250e+00,-1.732520317045751712e+00
-2.502737600287435082e+00,2.746862032551007804e+00,-1.543262254603835926e+00
-2.503850005721238947e+00,2.749200544406863234e+00,-1.362047286271969693e+00
-2.508142352071634384e+00,2.749207179209833374e+00,-1.175306461047811890e+00
-2.515001764334353407e+00,2.748512723201006480e+00,-9.970712595061297367e-01
-2.519214022124184993e+00,2.747399471115841596e+00,-8.192603532197685334e-01
-2.522160609093964112e+00,2.745938749852499861e+00,-6.423059486659372652e-01
-2.521392440153205516e+00,2.748829845634658486e+00,-4.208222671493056510e-01
-2.433357025921069283e+00,2.709315019212047648e+00,-3.488770887363497608e-01
-2.339187813190708010e+00,2.673749802727002134e+00,-3.456526603301737777e-01
-2.244924046994014155e+00,2.637720587529350791e+00,-3.457519150421152210e-01
-2.149381431354343786e+00,2.600416277803314635e+00,-3.443839725541251173e-01
-2.053587418716313895e+00,2.562981305284490752e+00,-3.454540457599446501e-01
-2.004970385192329729e+00,2.545000802684795005e+00,-4.868519590927846141e-01
-1.988817344790830832e+00,2.528312491938210727e+00,-6.987035904241003514e-01
-1.975111391709349684e+00,2.511215167930114678e+00,-8.906076522333854495e-01
-1.911035895942543528e+00,2.430650832501825231e+00,-9.213052074688038440e-01
-1.850110019053688548e+00,2.346274564370767202e+00,-9.299758258897299346e-01
-1.790412052845958168e+00,2.261497564345269939e+00,-9.388580768532542864e-01
-1.731067168593689365e+00,2.175715323107660026e+00,-9.469988302255871737e-01
-1.717986048228291596e+00,2.154490490461781871e+00,-1.127193187572399280e+00
-1.675334518192763689e+00,2.059107904387091015e+00,-1.149875376154051443e+00
-1.634358971997485366e+00,1.963031202108876716e+00,-1.157487693039947807e+00
-1.594339445517440668e+00,1.867066974905557508e+00,-1.162445959586077660e+00
-1.554707207435250371e+00,1.771045812137796105e+00,-1.169716785593801323e+00
-1.516003059685503418e+00,1.674555395770407351e+00,-1.174719812270069053e+00
-1.477417955403679706e+00,1.577577012990680316e+00,-1.180916351861903468e+00
-1.439704675880588480e+00,1.480673286591621896e+00,-1.183876643160994169e+00
-1.401453016483324765e+00,1.383701732659909256e+00,-1.187521528964114115e+00
-1.363946833661277225e+00,1.286460103350675732e+00,-1.192186380239715682e+00
-1.326649057569931012e+00,1.188190753832438107e+00,-1.195323771539163804e+00
-1.290154559378683841e+00,1.090225990410465196e+00,-1.203430233694072538e+00
-1.253435221276285150e+00,9.931052641631549216e-01,-1.208422230552460119e+00
-1.218086115663979507e+00,8.952400218950737898e-01,-1.279971450278984735e+00
-1.207143571911563296e+00,8.400092488560128023e-01,-1.460694564730749878e+00
-1.206283493083458280e+00,7.835330747729353229e-01,-1.640044341310315179e+00
-1.215099244252415112e+00,7.293369181145084035e-01,-1.816619245190274512e+00
-1.233026703626907139e+00,6.779685593381801212e-01,-1.995705706003614743e+00
-1.259777740110644251e+00,6.304879898261912530e-01,-2.175837416180136152e+00
-1.293859839165400150e+00,5.889230239903766595e-01,-2.352624553997659351e+00
-1.334435474489619855e+00,5.541120020822601910e-01,-2.534163891427959392e+00
-1.380004630064636029e+00,5.283506293316863056e-01,-2.711081054192797435e+00
-1.478998850116214347e+00,4.903065791280449837e-01,-2.813978290625509526e+00
-1.577191485495766488e+00,4.527797970421725271e-01,-2.812106241398379947e+00
-1.675756792846018417e+00,4.155497721311971482e-01,-2.810844237889784214e+00
-1.773606885725609983e+00,3.776755353307156282e-01,-2.809408630118255701e+00
-1.871698714832066512e+00,3.397961850833601249e-01,-2.810459748388892454e+00
-1.970138465682620632e+00,3.012861432867362521e-01,-2.813184239706376211e+00
-2.053495509064039215e+00,2.770743654542016099e-01,-2.993507478101806729e+00
-2.107171833399036132e+00,2.734583336842891232e-01,3.110264677078224960e+00
-2.162077034341499449e+00,2.789055352713527558e-01,2.928050119144147256e+00
-2.174792075985110262e+00,2.775797056873012814e-01,2.750857897860829571e+00
-2.175686443123962643e+00,2.735946443618181845e-01,2.571637254921822269e+00
-2.176888496803997874e+00,2.690040001279615511e-01,2.384902080833453120e+00
-2.178921189992584218e+00,2.650469410584657126e-01,2.200024312099164270e+00
-2.180745392030318808e+00,2.611717536893201075e-01,2.021315724824936488e+00
-2.181603282974058811e+00,2.582194085817594020e-01,1.839897670426303034e+00
-2.186792554658573362e+00,2.528304181801084294e-01,1.657620983348924604e+00
-2.205964879867494677e+00,2.571781208294227072e-01,1.525250470686471127e+00
-2.211720135454297687e+00,2.556380650437999891e-01,1.344746263460515179e+00
-2.214813007259882394e+00,2.532439072839148264e-01,1.155822598713616589e+00
-2.217039580549053923e+00,2.496898971626575758e-01,9.655692081795183013e-01
-2.202609568618162150e+00,2.489871925455319768e-01,8.026593359771216907e-01
-2.193311102914302424e+00,2.517357712365091427e-01,6.561921495474609678e-01
-2.196766085854913619e+00,2.494539766488835519e-01,4.765608782722973724e-01
-2.199031221978481998e+00,2.469998131733155411e-01,2.895431909530942205e-01
-2.196154583266373361e+00,2.356517073470880408e-01,5.124470439931531202e-02
-2.200705746023863263e+00,2.408341144828527181e-01,-1.761653338187220766e-02
-2.200471092819535901e+00,2.424945334169560929e-01,1.922458606256107205e-01
-2.189637269816754106e+00,2.367473029079597557e-01,3.338378644051641642e-01
-2.090630165298279497e+00,2.617769621576988004e-01,3.358671310106271513e-01
-1.991900897164833317e+00,2.908879632301515361e-01,3.363153270350600632e-01
-1.892661116901872553e+00,3.208744700742372502e-01,3.385882228394963556e-01
-1.791675023346233964e+00,3.508301678242663479e-01,3.402109749186717491e-01
-1.690666220345982795e+00,3.818644830872066631e-01,3.464638695181141981e-01
-1.650486856271270453e+00,3.914793949822665264e-01,5.166557068958834709e-01
-1.558637197630887927e+00,4.410762209155422719e-01,5.514675261720173305e-01
-1.464864060744351937e+00,4.908766349325527356e-01,5.535310425856708738e-01
-1.370463749103495887e+00,5.405780628247394137e-01,5.573609489120316951e-01
-1.302987301158727629e+00,5.598106810011084233e-01,7.107218826822506719e-01
-1.288710202606323296e+00,5.841182030130793734e-01,9.186927053447566660e-01
-1.262865219915569437e+00,5.907752676526450974e-01,1.081897378531936571e+00
-1.239613035695826815e+00,6.204099216312284337e-01,1.212274753476356270e+00
-1.227210611578294586e+00,6.497747061805023705e-01,1.389199601308700460e+00
-1.219037464840036611e+00,6.793967328578673914e-01,1.569460953562659355e+00
-1.222154900473393813e+00,7.091179566158840597e-01,1.790976613732086831e+00
-1.235673175351571951e+00,8.116147450450503786e-01,1.861452360160579023e+00
-1.258585297541215287e+00,9.132190063443362815e-01,1.859663356016421965e+00
-1.281470661140865719e+00,1.016137853244415856e+00,1.861708943799025073e+00
-1.305157400219044694e+00,1.118383533270542518e+00,1.864791647458373447e+00
-1.329179480051451812e+00,1.216169538384080040e+00,1.864930255002534398e+00
-1.351595146166906458e+00,1.298059209420412197e+00,1.875877571441817437e+00
-1.375242899675968022e+00,1.393968755510612834e+00,1.878216734151861189e+00
-1.401162720892175084e+00,1.487425654805757835e+00,1.878687883352523791e+00
-1.376909547175251269e+00,1.558475182516741553e+00,1.949191576743630305e+00
-1.398402730549676010e+00,1.558478121067457201e+00,2.196022313088007660e+00
-1.404123734489103548e+00,1.573722354613239061e+00,2.403847148771586006e+00
-1.422464665750525326e+00,1.566625161560987634e+00,2.552250590263580143e+00
-1.440059313060809032e+00,1.556551583417973061e+00,2.696638403145990903e+00
-1.436451045003712235e+00,1.570873047261232891e+00,2.910691382206704869e+00
-1.428996204602970499e+00,1.589224711366874931e+00,3.117251744872464148e+00
-1.432139693071681430e+00,1.587906126634164306e+00,-2.929378251826789459e+00
-1.429765859596595190e+00,1.608647981059944776e+00,-2.866636172130844873e+00
-1.432606768736154113e+00,1.611082910200440699e+00,-2.678122408558542222e+00
-1.435195801929158854e+00,1.613421202085377093e+00,-2.487326833852821828e+00
-1.437622310500414446e+00,1.616772163782615124e+00,-2.305495822509835424e+00
-1.440182009995080392e+00,1.619966308485284667e+00,-2.116149224038584631e+00
-1.443684602740364031e+00,1.623290713954809616e+00,-1.924304247916720056e+00
-1.447377836631884795e+00,1.627382722079136368e+00,-1.734904124702061345e+00
-1.451573064508395960e+00,1.631458209730731523e+00,-1.542987073862932546e+00
-1.455235502620467747e+00,1.634888275566600768e+00,-1.355013478945612304e+00
-1.460225624617945250e+00,1.638270449435828446e+00,-1.162368722977864532e+00
-1.463327070253032325e+00,1.641154036972491292e+00,-9.702093975976522344e-01
-1.467965814773727118e+00,1.644046836253002963e+00,-7.796751144429985292e-01
-1.469633666079754208e+00,1.646448861410728437e+00,-5.876859296432160873e-01
-1.470109825247706947e+00,1.645886279864644752e+00,-4.001739284093247528e-01
-1.469280728197055463e+00,1.647458885120653083e+00,-2.192660923430246878e-01
-1.467874958510095640e+00,1.647576904940434517e+00,-3.411019098776870567e-02
-1.456243366256577243e+00,1.654956582816437649e+00,1.312124305224749432e-01
-1.454545144259314471e+00,1.651390256504696286e+00,3.152489462219354999e-01
-1.458169437976440275e+00,1.641218802601254412e+00,5.021201718569066053e-01
-1.461246272475995589e+00,1.631214236035145149e+00,6.923562011023983720e-01
-1.464771418772299105e+00,1.620680188139042688e+00,8.774511046320910834e-01
-1.467017616959844117e+00,1.601033887444093473e+00,1.005658461837870998e+00
-1.463512199344942699e+00,1.598199302146540601e+00,1.203971789944962234e+00
-1.455036399892736032e+00,1.594176268893262804e+00,1.398007652426891845e+00
-1.448949972129933927e+00,1.591253104899914117e+00,1.591346752486697547e+00
-1.441011928285656163e+00,1.587829477908135223e+00,1.783680436156656057e+00
-1.419985600760262479e+00,1.582007493777459528e+00,1.942349313549342371e+00
-1.427145341172670667e+00,1.580625201605550201e+00,2.167422822968511742e+00
-1.421637916167548532e+00,1.596448501178053592e+00,2.345373502337104732e+00
-1.444367196466201708e+00,1.570721479000768195e+00,2.454724125652392619e+00
-1.453594837329073464e+00,1.560631492717064805e+00,2.610741797307383205e+00
-1.443322871367626048e+00,1.578409139674064932e+00,2.830666756977048948e+00
-1.432695997097911178e+00,1.597577267358341491e+00,3.049942151242305943e+00
-1.418717439317517481e+00,1.627095876987021406e+00,-3.049559179842252110e+00
-1.516342068713945723e+00,1.620682171958249151e+00,-3.038263803711499289e+00
-1.615753884317774780e+00,1.614611603540799356e+00,-3.036621138360514394e+00
-1.716527341116954153e+00,1.608556396049545922e+00,-3.033877504942775083e+00
-1.820960724485262139e+00,1.602461222807022301e+00,-3.034305604398064737e+00
-1.929395246894002547e+00,1.598273488190867120e+00,-3.031929497912668303e+00
-2.025793744459942758e+00,1.585361610179073288e+00,-3.032566327871854650e+00
-2.125135718381964800e+00,1.572518195858406465e+00,-3.035751036582019058e+00
-2.197269763248649532e+00,1.561898252092151607e+00,3.087553867908702454e+00
-2.297067899432769789e+00,1.566881958411943998e+00,3.054657576446214051e+00
-2.299594175046573596e+00,1.564810072968358945e+00,-3.052427294749535225e+00
-2.305016112177133980e+00,1.569580123155926543e+00,-2.912030506485169923e+00
-2.307834561792188044e+00,1.568243569238833235e+00,-2.735173654461116044e+00
-2.328226758329372981e+00,1.579449647006372803e+00,-2.569035326154469168e+00
-2.335169527532658940e+00,1.581426967624891322e+00,-2.374988964408538905e+00
-2.329783612067048537e+00,1.579225347100544186e+00,-2.202614767797048234e+00
-2.323136570039414206e+00,1.575878366167462241e+00,-2.037717218988096768e+00
-2.326739629647104124e+00,1.576575128066404652e+00,-1.849285493965945548e+00
-2.328134806854402328e+00,1.575381187609836031e+00,-1.647786594061724452e+00
-2.335625452037970451e+00,1.571904360408744816e+00,-1.458918755569221570e+00
-2.339133047915544328e+00,1.569201644469158996e+00,-1.266800526481290046e+00
-2.344875254842810008e+00,1.565672524595449477e+00,-1.072457571482410943e+00
-2.348432439701738872e+00,1.562525962151964931e+00,-8.856588805698136779e-01
-2.355809186127856503e+00,1.556934316547767594e+00,-6.976512998527942822e-01
-2.358362051111799307e+00,1.551963709912007161e+00,-5.051450140663552579e-01
-2.359566302425819995e+00,1.546831110681558430e+00,-3.082582254474642292e-01
-2.360312033940901166e+00,1.542125476217432789e+00,-1.143961299246783886e-01
-2.358644651150388682e+00,1.536265450681290723e+00,4.758960485390404532e-02
-2.359785734092032516e+00,1.524441823130575857e+00,2.209338133203580246e-01
-2.361454448867373657e+00,1.515649509227111391e+00,4.178580163129351210e-01
-2.364622851997192576e+00,1.499076063674322334e+00,5.803121012790730671e-01
-2.358649981809384677e+00,1.513192017960474312e+00,7.324633522871827340e-01
-2.353369484825140301e+00,1.515513692790319888e+00,9.107492501814654640e-01
-2.351179387659131592e+00,1.518246218867540076e+00,1.092412763143971066e+00
-2.348054215174959491e+00,1.520475683221975682e+00,1.277930175349553110e+00
-2.344574574572847681e+00,1.520666075726993194e+00,1.465442087517543790e+00
-2.324997830534181631e+00,1.511905961680161115e+00,1.624122801101047564e+00
-2.328330906201983019e+00,1.514861303092858380e+00,1.823019230261799351e+00
-2.331084830583792566e+00,1.517391679409573202e+00,2.011483018638211995e+00
-2.333146495582087532e+00,1.520248578165785069e+00,2.205879184661053038e+00
-2.331460966107619992e+00,1.530968959450882183e+00,2.363093643557341750e+00
-2.333266330968689850e+00,1.536310828428419706e+00,2.549203830138742521e+00
-2.336375046305432690e+00,1.540104524014571874e+00,2.736904301544760720e+00
-2.343040805455696596e+00,1.535852288143459088e+00,2.968416446917335527e+00
-2.441770106718256894e+00,1.561519579376043021e+00,3.000645582553549406e+00
-2.543964289232020892e+00,1.581047553124762084e+00,3.002393878295797958e+00
-2.644733924313035889e+00,1.599631806090870079e+00,3.006698561461281116e+00
-2.742563663320361389e+00,1.616776814118978001e+00,3.006514733256688832e+00
-2.774662317208746121e+00,1.641576216324246440e+00,3.113387704156670654e+00
-2.794504023769686984e+00,1.635767984616713466e+00,-2.964481101939311802e+00
-2.813464452243324310e+00,1.625165018373320391e+00,-2.759111956101177210e+00
-2.835520326318862416e+00,1.615565211260704404e+00,-2.583451176800062310e+00
-2.920919811687754386e+00,1.551387630376352522e+00,-2.476332307491857065e+00
-3.005853038000134703e+00,1.488099964332509018e+00,-2.482588715919757050e+00
-3.091207242485054962e+00,1.424398424253860540e+00,-2.481517286657244803e+00
-3.176871066944907174e+00,1.361154276885651937e+00,-2.483870385836627115e+00
-3.263837347178836890e+00,1.301224845684535891e+00,-2.445096303912118962e+00
-3.281198701010219043e+00,1.284586611264179501e+00,-2.262440316551183717e+00
-3.296667266658586115e+00,1.267480434579980608e+00,-2.081204080394693623e+00
-3.307688868614294009e+00,1.250213927240118261e+00,-1.903182294433492849e+00
-3.314488694881987829e+00,1.232388333821821114e+00,-1.726524485143631882e+00
-3.336730439575052998e+00,1.226628087652053001e+00,-1.591689861611620183e+00
-3.332209608958340841e+00,1.205443487722697826e+00,-1.398127053082838245e+00
-3.323353736345449061e+00,1.185676516157296412e+00,-1.207633189820427333e+00
-3.288483045963379148e+00,1.088497234408789538e+00,-1.170517282305639561e+00
-3.254238052057624841e+00,9.936976844693923283e-01,-1.167400409238369630e+00
-3.215424174555562509e+00,9.058623104560623585e-01,-1.149175601455302287e+00
-3.194800040154116338e+00,8.399822152055669289e-01,-1.000392599108476333e+00
-3.174023316644600357e+00,8.322714331886996719e-01,-7.961655439602068896e-01
-3.114414150683605165e+00,7.672996241529043138e-01,-7.303788996917551790e-01
-3.103798319114684734e+00,7.460866994815814612e-01,-9.101145409493385241e-01
-3.082826664321910215e+00,7.485547327007563423e-01,-1.049528556019035719e+00
-3.075724761350256742e+00,7.270877131036701524e-01,-1.225014713895487883e+00
-3.054105103347884764e+00,6.244290893684654176e-01,-1.333667661732334198e+00
-3.029413392944876993e+00,5.235257893759701631e-01,-1.328270502163071631e+00
-3.003364253629699387e+00,4.224730994377824400e-01,-1.322852171881741867e+00
-2.977407554442173865e+00,3.216766531559820952e-01,-1.318424815628091773e+00
-2.952344013107319309e+00,2.922211286155293464e-01,-1.442484329389829734e+00
-2.953493857406407130e+00,2.719519400634274331e-01,-1.623928873262046491e+00
-2.976616427240222684e+00,1.686404445776212568e-01,-1.775709644390252917e+00
-3.001609173206353010e+00,6.571370137174273318e-02,-1.782896689076578722e+00
-3.027781180768171154e+00,-3.724204072315202840e-02,-1.789886403229010048e+00
-3.039227112563917199e+00,-7.924945946397968233e-02,-1.619795489236824482e+00
-3.042544630041736475e+00,-1.033384338480626552e-01,-1.443400387720782385e+00
-3.042325232680816782e+00,-1.275110695329455812e-01,-1.267379263517050214e+00
-3.045069955162251762e+00,-1.546451057182434141e-01,-1.109647537958878161e+00
-3.037628041840965576e+00,-1.726704752804626430e-01,-9.323547526064985824e-01
-3.026305636325480553e+00,-1.885255795156890180e-01,-7.527954731440184011e-01
-3.012299324501394704e+00,-2.022012363387161726e-01,-5.745553226293645954e-01
-2.998191528162395425e+00,-2.173526367850669438e-01,-4.009175081058459766e-01
-3.011250736497052660e+00,-2.394626826647007767e-01,-2.688430735962460405e-01
-3.009713065161666368e+00,-2.425316563925913604e-01,-8.715999126761253546e-02
-3.007714645323217528e+00,-2.456338185166023480e-01,9.903510145979560475e-02
-3.005648067041498006e+00,-2.477102451964923180e-01,2.872783739613641307e-01
-3.003062534049913967e+00,-2.492075270530179631e-01,4.744725311100607135e-01
-3.000654022684589695e+00,-2.492947716675853187e-01,6.582803076334494685e-01
-2.998216109662431794e+00,-2.491120805274685823e-01,8.459344345624267847e-01
-2.996161175009153688e+00,-2.488818319643433807e-01,1.021746917793002307e+00
-2.994033609663399265e+00,-2.486368124709744387e-01,1.203939012921752871e+00
-2.992906962111453240e+00,-2.475999701462934521e-01,1.388947688022186266e+00
-2.988028825517845544e+00,-2.470829467144919078e-01,1.541976763593777111e+00
-2.984386977776272598e+00,-2.468329519446013365e-01,1.719402680651469506e+00
-2.982518411798993796e+00,-2.464644659085588607e-01,1.901746659035114639e+00
-2.980594007323384975e+00,-2.456365217546400137e-01,2.082332729862387488e+00
-2.979070529065514172e+00,-2.449353192392686174e-01,2.274324917580570649e+00
-2.978453043708137127e+00,-2.439267293201858311e-01,2.462153838319386612e+00
-2.978337099384738895e+00,-2.427577947614238396e-01,2.643917465803123701e+00
-2.978720453358587594e+00,-2.417700211868028803e-01,2.831481881462774464e+00
-2.978819594178476304e+00,-2.393618177870280028e-01,3.019884720386707411e+00
-2.978107690351334380e+00,-2.358821076271692407e-01,-3.083175500285612713e+00
-3.033265528550735279e+00,-2.392973267686772654e-01,-2.959694808140663103e+00
-3.048288308238209954e+00,-2.286707029601337815e-01,-2.823978011765639451e+00
-3.081408214333110074e+00,-2.347834540020927452e-01,-2.652811672039259605e+00
-3.107086620116595199e+00,-2.462586276476267377e-01,-2.471852593134611809e+00
-3.129465014987197868e+00,-2.604363045457813164e-01,-2.289108543438686638e+00
-3.191720154657474495e+00,-3.387643521160746407e-01,-2.112233288619234539e+00
-3.248206299788014562e+00,-4.292371357487063666e-01,-2.090257135082631557e+00
-3.298555036381659367e+00,-5.118422248514802320e-01,-2.217390752563321854e+00
-3.329919623353901237e+00,-5.132729959114122886e-01,-2.412204767344066081e+00
-3.352426514538291880e+00,-5.247024753900301208e-01,-2.581106230393655387e+00
-3.376771757229406035e+00,-5.352362583658446527e-01,-2.749056619871242280e+00
-3.394309434827001759e+00,-5.526427119344747840e-01,-2.941099442819108845e+00
-3.413212697656263561e+00,-5.666103628283881699e-01,-3.133397889589915053e+00
-3.431780145046400055e+00,-5.773886336615063897e-01,2.957410690105002349e+00
-3.449865639785925531e+00,-5.844159722769179943e-01,2.762129023487050361e+00
-3.471002706215736033e+00,-5.854807731646439750e-01,2.568026958215784639e+00
-3.534713434492555262e+00,-5.275690550551176417e-01,2.567053616972614805e+00
-3.614353563446449424e+00,-4.760934688806598425e-01,2.563600806874329230e+00
-3.694652996156809532e+00,-4.243010157895409917e-01,2.562420540834752458e+00
-3.773154570632795135e+00,-3.731866747809499674e-01,2.553722844552264171e+00
-3.815746564558470055e+00,-3.398267523193853612e-01,2.715973168610222199e+00
-3.833633856464043532e+00,-3.291785990474816459e-01,2.890794603835066923e+00
-3.852633177380089258e+00,-3.217891302245719509e-01,3.063789270395869124e+00
-3.871447997097382299e+00,-3.187484267899391432e-01,-3.039486893624257391e+00
-3.918699475210587924e+00,-2.921197683898130726e-01,-2.845725110097118371e+00
-3.945252947372850816e+00,-2.921010193999420412e-01,-2.625502621325005670e+00
-4.026812796218692370e+00,-3.391149179193773122e-01,-2.583368384179959953e+00
-4.116689283005345423e+00,-3.912864748280346361e-01,-2.583698418803598074e+00
-4.191539756232055325e+00,-4.397213998570174698e-01,-2.448083453326485248e+00
-4.274288083167720131e+00,-5.078070274548961427e-01,-2.422437610857637758e+00
-4.356505875912645820e+00,-5.755278843734625838e-01,-2.422079088062048413e+00
-4.419784404464368599e+00,-6.242176063937199260e-01,-2.274842016138082901e+00
-4.438316008001075730e+00,-6.391114330663907328e-01,-2.101970702080725228e+00
-4.443609726288752171e+00,-6.402596166820593293e-01,-1.917589278550134058e+00
-4.448585685100575837e+00,-6.417366341269439278e-01,-1.735681641092062133e+00
-4.453068624514431306e+00,-6.434727216287127183e-01,-1.554554601955363324e+00
-4.458710075037177312e+00,-6.449432813041027224e-01,-1.366214454459667715e+00
-4.462929540392559957e+00,-6.469719198034296070e-01,-1.186267892707149274e+00
-4.468184231270274864e+00,-6.488417208878901610e-01,-1.002172845220512531e+00
-4.472603339843914227e+00,-6.507916878117777637e-01,-8.161524038683409810e-01
-4.482018174553290990e+00,-6.718941999285108491e-01,-6.737616514859493533e-01
-4.485079637783085715e+00,-6.723343215768308179e-01,-4.882043530340516302e-01
-4.486083428971342713e+00,-6.737617110639381179e-01,-3.025308528075875136e-01
-4.485842863281002124e+00,-6.751779072857405639e-01,-1.178359464788175520e-01
-4.484514958289831377e+00,-6.771745532203315987e-01,6.900705496348540080e-02
-4.484631769766386888e+00,-6.841042567779960226e-01,2.397953602908167448e-01
-4.481584005031312046e+00,-6.817279171855604725e-01,4.301949644180140253e-01
-4.478986251726668755e+00,-6.801689526796032004e-01,6.172794685263784942e-01
-4.476255392681996348e+00,-6.783061833352687087e-01,8.074673135720531469e-01
-4.473222413565827615e+00,-6.779195543443365946e-01,9.840412269372502685e-01
-4.468368542112076014e+00,-6.785966534433980346e-01,1.164027911016588757e+00
-4.466509126647864925e+00,-6.773015249892706535e-01,1.341872985052450673e+00
-4.449785269787713382e+00,-6.884874921716063190e-01,1.482517906423806098e+00
-4.447647068484889665e+00,-5.915109146725523459e-01,1.540656804445367900e+00
-4.447978107846584095e+00,-4.940133202724652506e-01,1.653658018038976385e+00
-4.458027825821369916e+00,-3.958929702605905043e-01,1.652881482656850087e+00
-4.468121372273123448e+00,-2.983014595310728989e-01,1.656207145134289238e+00
-4.474226489032079535e+00,-2.521636918208792766e-01,1.828076721554287243e+00
-4.511060564854892263e+00,-1.608437006456264473e-01,1.948095705523374077e+00
-4.519253367469808325e+00,-1.432983672148285814e-01,1.771883243953925602e+00
-4.531013218852666391e+00,-1.225211861448095713e-01,1.658131796056765861e+00
-4.536696101115767377e+00,-1.014802381317208985e-01,1.514334070915892561e+00
-4.532618413101012322e+00,-8.132047614564923144e-02,1.320323475948995906e+00
-4.499285985094137352e+00,1.805333808124136644e-02,1.241400019625519047e+00
-4.469797377001476946e+00,1.196530190130345034e-01,1.186425301573249769e+00
-4.457006260822617527e+00,1.410359921189079657e-01,9.834838632015974191e-01
-4.397509441957835108e+00,2.368198496937374276e-01,9.615212541527464740e-01
-4.338372647620671430e+00,3.307096702423180656e-01,9.589669607463006118e-01
-4.278972969564085460e+00,4.243588203186857699e-01,9.536418498510480513e-01
-4.222472052974622692e+00,5.156981257916087857e-01,9.588454627952327503e-01
-4.206832868597112807e+00,5.312354926285441925e-01,1.085891379257681422e+00
-4.198951282689802333e+00,5.529413965067925263e-01,1.265556751941927960e+00
-4.194415702353061270e+00,5.758151841043137598e-01,1.441330410343700796e+00
-4.193190042058403399e+00,5.998841177536468061e-01,1.618517076014000633e+00
-4.195606880633243385e+00,6.235072410400830378e-01,1.791433076720614581e+00
-4.201719361704471467e+00,6.471122370433394222e-01,1.966089413814268161e+00
-4.211381079418422324e+00,6.696310410100143606e-01,2.140279318914196427e+00
-4.224615889780180211e+00,6.905812022763567759e-01,2.316785196381116574e+00
-4.273243904468255749e+00,7.382373891912054065e-01,2.475413077174705823e+00
-4.350270051779884461e+00,8.031842376154950669e-01,2.315105095125653545e+00
-4.364130198712211417e+00,8.205255928702883672e-01,2.134570577554385729e+00
-4.415402849624801007e+00,9.131669967100590757e-01,2.075383063330146438e+00
-4.466316733350825352e+00,1.005477962859836483e+00,2.075378095626053465e+00
-4.517155984140267755e+00,1.098420188240779805e+00,2.071754433685495833e+00
-4.567533263755502837e+00,1.191303180939929485e+00,2.067993871821025564e+00
-4.604942205943856948e+00,1.261569204628355312e+00,1.892810721909688354e+00
-4.612101585541047655e+00,1.282364625335467911e+00,1.712281239795157006e+00
-4.615925992196180161e+00,1.303313593837104545e+00,1.532697034266132796e+00
-4.616349022884638664e+00,1.323450606619425818e+00,1.357112721144517975e+00
-4.611600055925809016e+00,1.341948643939240737e+00,1.165721935243070551e+00
-4.603176579232832744e+00,1.359467965223945418e+00,9.739047867931132085e-01
-4.592860401914657942e+00,1.380013813942830181e+00,8.103364020619860941e-01
-4.580875969500537437e+00,1.397681141691652584e+00,6.509621638539176969e-01
-4.541474325336298357e+00,1.428578408590758686e+00,5.098230768135527669e-01
-4.450684325861650414e+00,1.484041741962643046e+00,5.071135421348161865e-01
-4.360586810308763717e+00,1.535984655552362188e+00,5.073486957843815759e-01
-4.269826122998654050e+00,1.586039804672825015e+00,5.055392616609142298e-01
-4.176976452661357975e+00,1.633967330842376997e+00,5.069010707321974785e-01
-4.085507049036005256e+00,1.680758822256611218e+00,5.092112064674033656e-01
-3.992381926463311803e+00,1.724929135659421187e+00,5.132706275162908227e-01
-3.899335046424303286e+00,1.767454982669714125e+00,5.066383653855308644e-01
-3.875667823682685587e+00,1.773735914763858501e+00,3.519501981686923853e-01
-3.853811396589132077e+00,1.772225392346918227e+00,1.822664799634560184e-01
-3.841384236062686419e+00,1.779655176622980894e+00,-6.421931261312753200e-03
-3.814294747609717984e+00,1.788809077593668251e+00,-1.542134970435650732e-01
-3.790349365311462382e+00,1.789084712814183131e+00,-3.394527921082074462e-01
-3.772526613923941508e+00,1.783843924565408301e+00,-5.092568380542908946e-01
-3.756729938692481063e+00,1.774238706198611348e+00,-6.848950732403755737e-01
-3.743293305607477528e+00,1.763005629290176568e+00,-8.589332574139567633e-01
-3.729522152226159459e+00,1.747917895311271952e+00,-1.032023721230430402e+00
-3.718375513169421165e+00,1.730763812148118808e+00,-1.208995896026200167e+00
-3.710467166209710843e+00,1.712962901429696316e+00,-1.380424766229844113e+00
-3.706164851225825174e+00,1.694093145983508686e+00,-1.557162074750692904e+00
-3.705146697866903871e+00,1.675687985791722845e+00,-1.733774268522128459e+00
-3.707501234838654014e+00,1.657752347104655799e+00,-1.908060692080315590e+00
-3.702601483966392770e+00,1.640818884089610963e+00,-2.052769664555097684e+00
-3.712649458609951214e+00,1.625132869861889873e+00,-2.233731169917459347e+00
-3.725533785918677676e+00,1.611352575490420769e+00,-2.412300067811993909e+00
-3.740889563288891217e+00,1.599908472747009647e+00,-2.594081981689449812e+00
-3.757372349476657103e+00,1.591317052249107800e+00,-2.772959418779433527e+00
-3.775212959785584577e+00,1.585899958045495550e+00,-2.953559979962522508e+00
-3.794198991837410606e+00,1.583697774145836457e+00,-3.133567880762121227e+00
-3.895714873313243842e+00,1.586172068427276427e+00,3.112741659681723227e+00
-3.997815761808308554e+00,1.590017406812527012e+00,3.105408690909801983e+00
-4.100320700772609683e+00,1.593980947627889000e+00,3.100568608415062766e+00
-4.191073848816802006e+00,1.596541221192043780e+00,-3.026996472064483523e+00
-4.208981417336138620e+00,1.594310278932921987e+00,-2.846984276150946513e+00
-4.211459707259326279e+00,1.593709568706517921e+00,-2.662097034716533805e+00
-4.218755574426364952e+00,1.589306563146694495e+00,-2.484219958365013525e+00
-4.292502400931706319e+00,1.518732679502380112e+00,-2.362130661690991396e+00
-4.364612009262684111e+00,1.447336226197384557e+00,-2.369980080776622700e+00
-4.436977728282403000e+00,1.376138615466584669e+00,-2.377085888861225627e+00
-4.486835325254783235e+00,1.327937933025992834e+00,-2.209423168696790452e+00
-4.499697409537013471e+00,1.310478869874389884e+00,-2.034605448516900505e+00
-4.509615022291146857e+00,1.290863325340694923e+00,-1.858913209189522853e+00
-4.518661764428542504e+00,1.269707989432607764e+00,-1.706125100114809001e+00
-4.524272543085837484e+00,1.247745628576566457e+00,-1.551574055057630019e+00
-4.523822403151682714e+00,1.226261321868523213e+00,-1.375843472485156260e+00
-4.519834624859026206e+00,1.204618919193103155e+00,-1.197501447715479728e+00
-4.482614047062776663e+00,1.111240079142096882e+00,-1.174853743519345350e+00
-4.445120062409388950e+00,1.018001437064971704e+00,-1.180405542893324888e+00
-4.407435972852178807e+00,9.236251286373404756e-01,-1.180695696746911105e+00
-4.370089434391614347e+00,8.291127561623176101e-01,-1.183049557347966907e+00
-4.333423607369509156e+00,7.367505931283225840e-01,-1.182618375145140455e+00
-4.298958107295979048e+00,6.444557184903203506e-01,-1.183356078103337650e+00
-4.289204994080614064e+00,6.257436285242752305e-01,-1.355753413363319559e+00
-4.272754556598045816e+00,6.146474876135250565e-01,-1.511100267163556499e+00
-4.273370287340193308e+00,5.961407559976213966e-01,-1.686988820764347308e+00
-4.277109963658108249e+00,5.781968284817018411e-01,-1.863878042468567475e+00
-4.283568519635855942e+00,5.611086973569930914e-01,-2.039981728984358256e+00
-4.293335757034906663e+00,5.449061363411312753e-01,-2.216977154787626692e+00
-4.306795892395405723e+00,5.299028260509679455e-01,-2.398860188413649119e+00
-4.386134730497098566e+00,4.641720650311441099e-01,-2.457675124709087555e+00
-4.466723561774992746e+00,3.999081188068343562e-01,-2.457123497561691572e+00
-4.548089949316604930e+00,3.359972990488055422e-01,-2.459682096937139129e+00
-4.629573098407815834e+00,2.724330220416477655e-01,-2.460218623787805647e+00
-4.710235008899061881e+00,2.089513548770613183e-01,-2.459988973838902027e+00
-4.791466456296539889e+00,1.455436233938882662e-01,-2.460225149093818509e+00
-4.873010378615561855e+00,8.144823926445303452e-02,-2.460425843615034136e+00
-4.952851989470181238e+00,1.806353875576788628e-02,-2.459789398390445747e+00
-5.033393151400540333e+00,-4.567667961822677314e-02,-2.460308557110911121e+00
-5.114678399968584976e+00,-1.092218102345322434e-01,-2.460736597039855145e+00
-5.195148221143548461e+00,-1.721654933853155600e-01,-2.462009873529435122e+00
-5.266225604730986554e+00,-2.130974804638488818e-01,-2.338629671665747090e+00
-5.275071674621227835e+00,-2.361703542514962673e-01,-2.119938413340751726e+00
-5.284215104286934306e+00,-2.505007806223213396e-01,-1.947033791442367212e+00
-5.289858023797787467e+00,-2.671112684885443289e-01,-1.770844464435551435e+00
-5.292184304790316318e+00,-2.851650192629716640e-01,-1.594166696403454209e+00
-5.292644058902528315e+00,-3.035902016943831105e-01,-1.422602799638497117e+00
-5.277323283490642503e+00,-3.990127883016424404e-01,-1.418886498867171220e+00
-5.262114336102167833e+00,-4.940709438967177958e-01,-1.418957966526372072e+00
-5.256423704497398930e+00,-5.875069820068009596e-01,-1.438358880067639456e+00
-5.253073199618866873e+00,-6.812497170206868180e-01,-1.457489920928487059e+00
-5.251018345631126572e+00,-7.755414600687550175e-01,-1.474784737461297013e+00
-5.251596922230060471e+00,-8.244424386492288370e-01,-1.321680668501950429e+00
-5.216231708832371972e+00,-9.207314583112732320e-01,-1.296171245641339009e+00
-5.186834796984799212e+00,-1.018282039277383477e+00,-1.299631829963118879e+00
-5.160784650208655400e+00,-1.115775846063165266e+00,-1.268503354135126049e+00
-5.150645241821832698e+00,-1.134723537911838775e+00,-1.087739308419096496e+00
-5.102368164014478680e+00,-1.219834693661332903e+00,-1.073580893910604406e+00
-5.056050139085467521e+00,-1.305466172668723335e+00,-1.082792727282452461e+00
-4.996829539890785377e+00,-1.375963324555086853e+00,-1.201188644633020886e+00
-4.986801454093670039e+00,-1.390767909272314640e+00,-1.374871187243278614e+00
-4.984072978132201293e+00,-1.411285528308147574e+00,-1.557355277902770618e+00
-4.985340056716536239e+00,-1.432144344832211091e+00,-1.743359392911907557e+00
-4.989984912545170737e+00,-1.452107177139342786e+00,-1.924175728210848479e+00
-4.987676968714196413e+00,-1.482895721318916671e+00,-2.065119149604291771e+00
-4.997421985223314600e+00,-1.500562344538054926e+00,-2.245221088524393060e+00
-5.058616869349808809e+00,-1.576896102432152169e+00,-2.275367718353981772e+00
-5.121103672475292967e+00,-1.654091992931666866e+00,-2.280278499519817981e+00
-5.184856436565692839e+00,-1.731782853735271299e+00,-2.291763629955302584e+00
-5.205807990697695509e+00,-1.795288207166183092e+00,-2.421043639849438378e+00
-5.214207242584110169e+00,-1.776783584760344148e+00,-2.644425898332107838e+00
-5.212613303311536050e+00,-1.778211422869643954e+00,-2.833655727064321894e+00
-5.210331661886156596e+00,-1.782345570126386836e+00,-3.020377405006287042e+00
-5.199938577463171896e+00,-1.802123567663325598e+00,3.103243568300105615e+00
-5.198307169423480367e+00,-1.804265064707804234e+00,2.916198881545764454e+00
-5.197324756090713649e+00,-1.806862358104168287e+00,2.737119637433898856e+00
-5.214405199382881051e+00,-1.821815787240494755e+00,2.576083468821053657e+00
-5.215317974266503676e+00,-1.823850752130536046e+00,2.387490663243224898e+00
-5.216845467239172862e+00,-1.826136219668121896e+00,2.199392720959706615e+00
-5.216191351574687829e+00,-1.826816985708609620e+00,2.017370962088418818e+00
-5.219112710198131388e+00,-1.830011031897840645e+00,1.830573354030823552e+00
-5.230536238206561883e+00,-1.839261440687368410e+00,1.659946616786538875e+00
-5.232053236842661548e+00,-1.841304529647574073e+00,1.473085821525736971e+00
-5.244762319335521283e+00,-1.834925592055476784e+00,1.319638208805716584e+00
-5.248148965495219365e+00,-1.834346097605880077e+00,1.140928227845173781e+00
-5.249925882182234105e+00,-1.834223615211561187e+00,9.647075490269998443e-01
-5.251408279905677823e+00,-1.833364540253574315e+00,7.886663288091794177e-01
-5.253529418999284495e+00,-1.831301625772306263e+00,6.058453939101625663e-01
-5.267340583976013235e+00,-1.831705859817249760e+00,4.527815294320996498e-01
-5.268305572635472167e+00,-1.831843742963879196e+00,2.754888131245715188e-01
-5.270157401973742495e+00,-1.825849043397624882e+00,1.090768770065245613e-01
-5.267523635128636528e+00,-1.837622102798704971e+00,2.657546029646303820e-01
-5.266971468168312853e+00,-1.830593495671754445e+00,4.545720394445853518e-01
-5.253348419350725607e+00,-1.830922074295334490e+00,6.070770256949774568e-01
-5.249571854029454698e+00,-1.832048428290386832e+00,7.819763436054386618e-01
-5.247085268071905340e+00,-1.833384841966257728e+00,9.616937296235483768e-01
-5.245776104065189571e+00,-1.832904305795741706e+00,1.143544486234135515e+00
-5.242548484805012343e+00,-1.833031952075604876e+00,1.324082111982966659e+00
-5.230300667365320955e+00,-1.838976721614330456e+00,1.478286555745276010e+00
-5.228667442087935768e+00,-1.837126259797992711e+00,1.667613261965305016e+00
-5.227215965231558847e+00,-1.835477169262009101e+00,1.852854784712740566e+00
-5.225968612684482650e+00,-1.833345810098528261e+00,2.042599817076908408e+00
-5.225629251557895927e+00,-1.831184765809966253e+00,2.155878677160517398e+00
-5.226923999744077065e+00,-1.832940825112347794e+00,1.977173097505596111e+00
-5.228487076307964720e+00,-1.834478021305668394e+00,1.795741439196467670e+00
-5.230109213366463727e+00,-1.836064364457558273e+00,1.615085143082449104e+00
-5.232022088766901113e+00,-1.836960357913706599e+00,1.437459628919188770e+00
-5.234050397549875555e+00,-1.837564971248892620e+00,1.267483581867304476e+00
-5.233915814757454932e+00,-1.839044512125461717e+00,1.091704557110015461e+00
-5.232473686463399609e+00,-1.841738732361555719e+00,9.037155132416467840e-01
-5.168836025920434452e+00,-1.765090052456415703e+00,8.921500087273980251e-01
-5.101991614330628089e+00,-1.687921024341110243e+00,8.925370742229083998e-01
-5.040347110090459992e+00,-1.609764167614216479e+00,8.992320068203588646e-01
-5.022148978388152329e+00,-1.594937109941897191e+00,1.070724642484255584e+00
-5.012279552089301760e+00,-1.575301771948078411e+00,1.257666416362284156e+00
-4.990942607212986992e+00,-1.543434697366634190e+00,1.415346124526927651e+00
-4.972731029696188187e+00,-1.532440856502036652e+00,1.569389103998694912e+00
-4.968011760542315081e+00,-1.513240852670293179e+00,1.745400889836996816e+00
-4.966832387912456959e+00,-1.493839068029874761e+00,1.924615737590959608e+00
-5.003090980429007573e+00,-1.406532536961613511e+00,2.045325773452067786e+00
-5.025330558255985736e+00,-1.356514837710109056e+00,1.899087024601398221e+00
-5.045590118196717100e+00,-1.261348437801181888e+00,1.851319282376436171e+00
-5.066578315265445553e+00,-1.166275128304066211e+00,1.849244503671619411e+00
-5.087648923694077396e+00,-1.071169992266797211e+00,1.851190457100453379e+00
-5.096061615712707216e+00,-1.025827773561139189e+00,1.687726483795851884e+00
-5.098917499366916850e+00,-9.264608644107970026e-01,1.652823404341813296e+00
-5.102940409331788274e+00,-8.279769722651182384e-01,1.667310272398005777e+00
-5.105488640212518803e+00,-7.743784097335862926e-01,1.857475930378348572e+00
-5.118549418702694531e+00,-7.164516786622125988e-01,2.005578549828908042e+00
-5.123365580323415713e+00,-6.979118166972503312e-01,2.195605829285941724e+00
-5.131730067187570299e+00,-6.813015550066697790e-01,2.389409737257258914e+00
-5.227127654391037659e+00,-6.069417920114246190e-01,2.412665102424304209e+00
-5.313675163942444435e+00,-5.343430846048797811e-01,2.406182191992225938e+00
-5.391380459105064027e+00,-4.593951125678606418e-01,2.403914872865948738e+00
-5.457497786631945402e+00,-3.831925530727414708e-01,2.412775694042028185e+00
-5.517459045037097276e+00,-3.045408998184963578e-01,2.427939673647504293e+00
-5.577192967321661143e+00,-2.264338074508676357e-01,2.441174581776993868e+00
-5.585981561721523825e+00,-1.741240971659050452e-01,2.574710968972938829e+00
-5.621181845825272028e+00,-1.824810744639903948e-01,2.782904158638300096e+00
-5.616160349051582124e+00,-1.759215151535893362e-01,2.953458344515667466e+00
-5.606728616656037723e+00,-1.705314213031725312e-01,-3.138672107161018410e+00
-5.628761625135114244e+00,-1.441430702830365784e-01,-2.958202682729192290e+00
-5.634034208351265782e+00,-1.304140820598807260e-01,-2.762629431270942071e+00
-5.633132580089654340e+00,-1.219166978567319121e-01,-2.557696862356852563e+00
-5.660015304568497996e+00,-1.413930163869543954e-01,-2.400295224229788360e+00
-5.668858433568733979e+00,-1.405808121958728729e-01,-2.210664974158127016e+00
-5.668419654933058993e+00,-1.140136701678301223e-01,-2.035618447952012744e+00
-5.672844659251662591e+00,-1.166728622105234203e-01,-1.831357411818130831e+00
-5.685433775692326108e+00,-1.356662245936970657e-01,-1.662031599478659638e+00
-5.696905630074282634e+00,-1.285269261776023075e-01,-1.484226094617413283e+00
-5.703451472540496781e+00,-1.366412705262378402e-01,-1.287760778021488806e+00
-5.710401149500815343e+00,-1.438215512851860056e-01,-1.093113314132796443e+00
-5.707803812065631810e+00,-1.474703342359984237e-01,-8.606708342354458807e-01
-5.755879122420139993e+00,-1.685522319872249375e-01,-7.793107506203509338e-01
-5.756651741340698791e+00,-1.835301856806510201e-01,-6.444240880774794178e-01
-5.755299889400308899e+00,-1.907725765250641026e-01,-4.598219175574599915e-01
-5.753146120743626746e+00,-1.978573988690441876e-01,-2.735791296702329567e-01
-5.750388905231576864e+00,-2.050532992653940623e-01,-7.991595742049360795e-02
-5.747561016449768800e+00,-2.117580916807960401e-01,1.104011263149046601e-01
-5.748664872955135507e+00,-2.289758468070543784e-01,2.223110777747621669e-01
-5.745510581181155096e+00,-2.306018547336833036e-01,4.340599354488118289e-01
-5.742256687163006745e+00,-2.321998350901715857e-01,6.516590988369262982e-01
-5.731537057557495984e+00,-2.368185203609865230e-01,8.293110659195468415e-01
-5.721130024030388839e+00,-2.410208481400450409e-01,1.014117386880981408e+00
-5.710798134584915253e+00,-2.455286029740526565e-01,1.202391361150518145e+00
-5.702184220373390566e+00,-2.494632344196643647e-01,1.386981693145061589e+00
-5.692557830315785772e+00,-2.540601907359760769e-01,1.565305363353333146e+00
-5.671882975090039913e+00,-2.639176988321575434e-01,1.694807715603703802e+00
-5.669096993761312042e+00,-2.654271229245870334e-01,1.906552771631336629e+00
-5.656517411284315955e+00,-2.577083570220037867e-01,2.077070229083287423e+00
-5.648479524786238493e+00,-2.518097200573329864e-01,2.262065145045813797e+00
-5.651770378746611811e+00,-2.568705421731826144e-01,2.500592593104741912e+00
-5.749406807363532046e+00,-1.817687668118681821e-01,2.540032621607174246e+00
-5.836742267149160668e+00,-1.150934620115388052e-01,2.544267711012603961e+00
-5.911938076804061915e+00,-4.756607042082572345e-02,2.559373765717437799e+00
-5.986788084843073676e+00,1.964794938931621951e-02,2.580770930034832933e+00
-6.063113385242086650e+00,8.429714553844587510e-02,2.604129737107645060e+00
-6.113929556223941297e+00,1.577206446743236179e-01,2.747483063355056654e+00
-6.145406563708742276e+00,1.733177095094985409e-01,2.885196647268254200e+00
-6.174843792165623846e+00,1.772895556728481536e-01,3.060668957331256212e+00
-6.202423040943003230e+00,1.772043888161886627e-01,-3.048175269008998711e+00
-6.230558493003438336e+00,1.754330703226460730e-01,-2.881326657431783289e+00
-6.335482817094244545e+00,1.459640078862844692e-01,-2.873713727341874691e+00
-6.440107805378945116e+00,1.179441498070441241e-01,-2.875432849052035778e+00
-6.543328340217571260e+00,8.998910953973893179e-02,-2.882738512342413628e+00
-6.645714546091546104e+00,7.083691913782744209e-02,-2.831240125807540142e+00
-6.673549244934346980e+00,5.223672052975228408e-02,-2.645925259281916464e+00
-6.762319628910758773e+00,2.703972771265771100e-03,-2.651716781956308999e+00
-6.823521698692069926e+00,-3.872056778164556512e-02,-2.478545416844713856e+00
-6.837798863187164677e+00,-5.706319904537535126e-02,-2.294920218943012458e+00
-6.849341375309184521e+00,-7.819036116614898335e-02,-2.111355735641787135e+00
-6.906839369854898436e+00,-1.711136998302383583e-01,-2.069185138225743348e+00
-6.950690203663294042e+00,-2.608440390825157440e-01,-2.064008913418977187e+00
-6.957219355043129383e+00,-2.873993719603281649e-01,-1.869071147297427515e+00
-6.985888100286194557e+00,-3.849593042189929371e-01,-1.784216119963182523e+00
-6.998547732976689417e+00,-4.576169002283546061e-01,-1.624310808449342280e+00
-6.993320645785515488e+00,-5.405056946025784681e-01,-1.482210011291095864e+00
-6.984006811341448184e+00,-6.361781830763857393e-01,-1.549683242819486662e+00
-6.983867129786479389e+00,-7.352492600355716723e-01,-1.496952284227254681e+00
-6.980383890811923564e+00,-7.759351437684081088e-01,-1.399604764238419508e+00
-6.977209672161628795e+00,-7.724204524618172307e-01,-1.131432363324553769e+00
-7.003889181603512704e+00,-7.737194250184691313e-01,-9.417719296249492666e-01
-7.004616788124785387e+00,-7.771911955201776800e-01,-7.588235829025904433e-01
-7.002220438927946766e+00,-7.788139291386232399e-01,-5.640946840019336328e-01
-7.002744224663943307e+00,-7.920953869045473938e-01,-3.950645681171298662e-01
-7.002963325404749639e+00,-8.024385329990514348e-01,-2.394100415036521379e-01
-7.002996089606173591e+00,-7.941537500322389809e-01,-2.016738238264152161e-01
-7.003676521772776553e+00,-7.937819081294261725e-01,-3.936429065130440108e-01
-7.002933547992431507e+00,-7.766163627445553663e-01,-5.643231066955436415e-01
-7.002443324453930806e+00,-7.759669854264972244e-01,-7.444822948446436772e-01
-7.008228707443955763e+00,-7.776995825004067164e-01,-9.672311831631972279e-01
-6.970106087730491673e+00,-7.891579842689973034e-01,-1.097128671530324118e+00
-6.932523296115402189e+00,-8.755698059712435644e-01,-1.095859188798536721e+00
-6.886728085984229253e+00,-9.687136639360499624e-01,-1.100047728658045898e+00
-6.841536527214546304e+00,-1.062603423415637627e+00,-1.102964772245100367e+00
-6.796224989726415977e+00,-1.156033166172141247e+00,-1.104436828101423629e+00
-6.751458888956030080e+00,-1.248250770359792483e+00,-1.108320881259044821e+00
-6.706718706030733834e+00,-1.341302605500146239e+00,-1.109963808516534645e+00
-6.664871478891622125e+00,-1.431065748943951776e+00,-1.113998167929297178e+00
-6.627058820982769660e+00,-1.520011795886515360e+00,-1.029118564777267153e+00
-6.581280648580813519e+00,-1.604763898686003332e+00,-9.393734820136721009e-01
-6.527220375422284171e+00,-1.684541945405919616e+00,-9.350882902256364426e-01
-6.472419020013717272e+00,-1.766619401287331526e+00,-9.355185863190516038e-01
-6.419020377872140415e+00,-1.843311844231461771e+00,-9.386052664416015823e-01
-6.365443617878611349e+00,-1.922344469775444598e+00,-9.395926132928542618e-01
-6.314741805706939104e+00,-1.992787366930555804e+00,-9.416479522156282478e-01
-6.266129323364502568e+00,-2.039644407540771809e+00,-1.085482743878081635e+00
-6.263687989217393337e+00,-2.062525933439707693e+00,-1.281109733920760885e+00
-6.239077758034615506e+00,-2.159252102949460905e+00,-1.213880598870361371e+00
-6.207461981183875821e+00,-2.251752984516172784e+00,-1.216368591830968349e+00
-6.214326886781706527e+00,-2.302723601558450905e+00,-1.075667214288680729e+00
-6.200222653098897752e+00,-2.288328617208761795e+00,-8.685432869493977526e-01
-6.202137518577452546e+00,-2.289945066647509186e+00,-6.832630419411054312e-01
-6.201347359083384525e+00,-2.291990186874947710e+00,-4.999340838243394591e-01
-6.203991477666016330e+00,-2.298823058317776447e+00,-3.320408006082772867e-01
-6.199453071669831061e+00,-2.302365506340529500e+00,-1.485856797174263111e-01
-6.197027233466220864e+00,-2.305068319110899822e+00,3.892423376271125779e-02
-6.195100940423712288e+00,-2.308985087673936842e+00,2.337628951910251385e-01
-6.193538310642698441e+00,-2.309913450939191204e+00,4.190638411772455441e-01
-6.192642987617675843e+00,-2.314230060071005290e+00,6.011128178764963970e-01
-6.192769958206671532e+00,-2.314347409384768461e+00,7.885899105452729430e-01
-6.193190474376423005e+00,-2.314336292602205525e+00,9.763050297800164312e-01
-6.193336961343712588e+00,-2.314738609869108288e+00,1.164264196196267642e+00
-6.193637822991698627e+00,-2.315465053020845598e+00,1.353701334515954091e+00
-6.193883543265114255e+00,-2.315857692928019240e+00,1.532076412948932820e+00
-6.188434480508236746e+00,-2.312925129022288306e+00,1.673057902525077356e+00
-6.188786161055845447e+00,-2.312066330441690187e+00,1.859701732842672373e+00
-6.175941828221674257e+00,-2.294100774526273145e+00,2.041589392184559149e+00
-6.178139090431305824e+00,-2.288876704138545382e+00,2.309467883298602864e+00
-6.168598027687020036e+00,-2.279678905452748428e+00,2.346094776008452509e+00
